collab:elemType,org:group,concept:name,collab:participant,time:timestamp,case:concept:name,msgInstanceId,msgType,collab:toParticipant,msgFlow,collab:fromParticipant
task,PartyA,Activity A,PartyA,2021-06-23 06:00:05,case_188,,,,,
task,PartyC,Activity ZA,PartyC,2021-06-23 06:00:08,case_188,,,,,
SendTask,PartyC,Activity CZ,PartyC,2021-06-23 06:00:08,case_188,m2_124,send,PartyA,m2,
ReceiveTask,PartyA,Activity C,PartyA,2021-06-23 06:00:14,case_188,m2_124,receive,,m2,PartyC
SendTask,PartyC,Activity DZ,PartyC,2021-06-23 06:00:15,case_188,m1_125,send,PartyA,m1,
ReceiveTask,PartyA,Activity D,PartyA,2021-06-23 06:00:23,case_188,m1_125,receive,,m1,PartyC
task,PartyC,Activity BZ,PartyC,2021-06-23 06:00:23,case_188,,,,,
task,PartyA,Activity B,PartyA,2021-06-23 06:00:24,case_188,,,,,
task,PartyC,Activity ZA,PartyC,2021-06-23 06:09:24,case_239,,,,,
task,PartyA,Activity A,PartyA,2021-06-23 06:09:26,case_239,,,,,
SendTask,PartyC,Activity DZ,PartyC,2021-06-23 06:09:29,case_239,m1_158,send,PartyA,m1,
ReceiveTask,PartyA,Activity D,PartyA,2021-06-23 06:09:34,case_239,m1_158,receive,,m1,PartyC
SendTask,PartyC,Activity CZ,PartyC,2021-06-23 06:09:35,case_239,m2_159,send,PartyA,m2,
task,PartyC,Activity BZ,PartyC,2021-06-23 06:09:41,case_239,,,,,
ReceiveTask,PartyA,Activity C,PartyA,2021-06-23 06:09:48,case_239,m2_159,receive,,m2,PartyC
task,PartyA,Activity B,PartyA,2021-06-23 06:09:51,case_239,,,,,
task,PartyC,Activity ZA,PartyC,2021-06-23 05:38:59,case_80,,,,,
task,PartyA,Activity A,PartyA,2021-06-23 05:39:01,case_80,,,,,
SendTask,PartyC,Activity DZ,PartyC,2021-06-23 05:39:07,case_80,m1_52,send,PartyA,m1,
ReceiveTask,PartyA,Activity D,PartyA,2021-06-23 05:39:13,case_80,m1_52,receive,,m1,PartyC
SendTask,PartyC,Activity CZ,PartyC,2021-06-23 05:39:13,case_80,m2_53,send,PartyA,m2,
task,PartyC,Activity BZ,PartyC,2021-06-23 05:39:18,case_80,,,,,
ReceiveTask,PartyA,Activity C,PartyA,2021-06-23 05:39:24,case_80,m2_53,receive,,m2,PartyC
task,PartyA,Activity B,PartyA,2021-06-23 05:39:26,case_80,,,,,
task,PartyC,Activity ZA,PartyC,2021-06-23 05:53:18,case_155,,,,,
task,PartyA,Activity A,PartyA,2021-06-23 05:53:22,case_155,,,,,
SendTask,PartyC,Activity DZ,PartyC,2021-06-23 05:53:26,case_155,m1_103,send,PartyA,m1,
SendTask,PartyC,Activity CZ,PartyC,2021-06-23 05:53:30,case_155,m2_102,send,PartyA,m2,
ReceiveTask,PartyA,Activity C,PartyA,2021-06-23 05:53:42,case_155,m2_102,receive,,m2,PartyC
task,PartyC,Activity BZ,PartyC,2021-06-23 05:53:42,case_155,,,,,
ReceiveTask,PartyA,Activity D,PartyA,2021-06-23 05:53:47,case_155,m1_103,receive,,m1,PartyC
task,PartyA,Activity B,PartyA,2021-06-23 05:53:49,case_155,,,,,
task,PartyA,Activity A,PartyA,2021-06-23 06:02:22,case_200,,,,,
task,PartyC,Activity ZA,PartyC,2021-06-23 06:02:27,case_200,,,,,
SendTask,PartyC,Activity DZ,PartyC,2021-06-23 06:02:29,case_200,m1_132,send,PartyA,m1,
SendTask,PartyC,Activity CZ,PartyC,2021-06-23 06:02:33,case_200,m2_133,send,PartyA,m2,
ReceiveTask,PartyA,Activity D,PartyA,2021-06-23 06:02:41,case_200,m1_132,receive,,m1,PartyC
ReceiveTask,PartyA,Activity C,PartyA,2021-06-23 06:02:43,case_200,m2_133,receive,,m2,PartyC
task,PartyC,Activity BZ,PartyC,2021-06-23 06:02:49,case_200,,,,,
task,PartyA,Activity B,PartyA,2021-06-23 06:02:49,case_200,,,,,
task,PartyC,Activity ZA,PartyC,2021-06-23 06:05:06,case_215,,,,,
task,PartyA,Activity A,PartyA,2021-06-23 06:05:09,case_215,,,,,
SendTask,PartyC,Activity DZ,PartyC,2021-06-23 06:05:14,case_215,m1_142,send,PartyA,m1,
SendTask,PartyC,Activity CZ,PartyC,2021-06-23 06:05:19,case_215,m2_143,send,PartyA,m2,
task,PartyC,Activity BZ,PartyC,2021-06-23 06:05:26,case_215,,,,,
ReceiveTask,PartyA,Activity D,PartyA,2021-06-23 06:05:32,case_215,m1_142,receive,,m1,PartyC
ReceiveTask,PartyA,Activity C,PartyA,2021-06-23 06:05:34,case_215,m2_143,receive,,m2,PartyC
task,PartyA,Activity B,PartyA,2021-06-23 06:05:40,case_215,,,,,
task,PartyC,Activity ZA,PartyC,2021-06-23 05:35:15,case_59,,,,,
SendTask,PartyC,Activity CZ,PartyC,2021-06-23 05:35:17,case_59,m2_38,send,PartyA,m2,
task,PartyA,Activity A,PartyA,2021-06-23 05:35:25,case_59,,,,,
SendTask,PartyC,Activity DZ,PartyC,2021-06-23 05:35:30,case_59,m1_39,send,PartyA,m1,
ReceiveTask,PartyA,Activity C,PartyA,2021-06-23 05:35:34,case_59,m2_38,receive,,m2,PartyC
ReceiveTask,PartyA,Activity D,PartyA,2021-06-23 05:35:37,case_59,m1_39,receive,,m1,PartyC
task,PartyC,Activity BZ,PartyC,2021-06-23 05:35:42,case_59,,,,,
task,PartyA,Activity B,PartyA,2021-06-23 05:35:46,case_59,,,,,
task,PartyA,Activity A,PartyA,2021-06-23 06:16:37,case_278,,,,,
task,PartyC,Activity ZA,PartyC,2021-06-23 06:16:41,case_278,,,,,
SendTask,PartyC,Activity DZ,PartyC,2021-06-23 06:16:45,case_278,m1_185,send,PartyA,m1,
SendTask,PartyC,Activity CZ,PartyC,2021-06-23 06:16:45,case_278,m2_184,send,PartyA,m2,
ReceiveTask,PartyA,Activity C,PartyA,2021-06-23 06:16:57,case_278,m2_184,receive,,m2,PartyC
task,PartyC,Activity BZ,PartyC,2021-06-23 06:16:58,case_278,,,,,
ReceiveTask,PartyA,Activity D,PartyA,2021-06-23 06:17:04,case_278,m1_185,receive,,m1,PartyC
task,PartyA,Activity B,PartyA,2021-06-23 06:17:04,case_278,,,,,
task,PartyA,Activity A,PartyA,2021-06-23 06:11:01,case_248,,,,,
task,PartyC,Activity ZA,PartyC,2021-06-23 06:11:03,case_248,,,,,
SendTask,PartyC,Activity CZ,PartyC,2021-06-23 06:11:06,case_248,m2_164,send,PartyA,m2,
ReceiveTask,PartyA,Activity C,PartyA,2021-06-23 06:11:11,case_248,m2_164,receive,,m2,PartyC
SendTask,PartyC,Activity DZ,PartyC,2021-06-23 06:11:11,case_248,m1_165,send,PartyA,m1,
ReceiveTask,PartyA,Activity D,PartyA,2021-06-23 06:11:15,case_248,m1_165,receive,,m1,PartyC
task,PartyA,Activity B,PartyA,2021-06-23 06:11:27,case_248,,,,,
task,PartyC,Activity BZ,PartyC,2021-06-23 06:11:34,case_248,,,,,
task,PartyA,Activity A,PartyA,2021-06-23 05:45:45,case_116,,,,,
task,PartyC,Activity ZA,PartyC,2021-06-23 05:45:49,case_116,,,,,
SendTask,PartyC,Activity DZ,PartyC,2021-06-23 05:45:49,case_116,m1_76,send,PartyA,m1,
ReceiveTask,PartyA,Activity D,PartyA,2021-06-23 05:45:53,case_116,m1_76,receive,,m1,PartyC
SendTask,PartyC,Activity CZ,PartyC,2021-06-23 05:45:57,case_116,m2_77,send,PartyA,m2,
ReceiveTask,PartyA,Activity C,PartyA,2021-06-23 05:46:04,case_116,m2_77,receive,,m2,PartyC
task,PartyC,Activity BZ,PartyC,2021-06-23 05:46:11,case_116,,,,,
task,PartyA,Activity B,PartyA,2021-06-23 05:46:14,case_116,,,,,
task,PartyC,Activity ZA,PartyC,2021-06-23 06:06:11,case_221,,,,,
task,PartyA,Activity A,PartyA,2021-06-23 06:06:13,case_221,,,,,
SendTask,PartyC,Activity CZ,PartyC,2021-06-23 06:06:18,case_221,m2_146,send,PartyA,m2,
ReceiveTask,PartyA,Activity C,PartyA,2021-06-23 06:06:20,case_221,m2_146,receive,,m2,PartyC
SendTask,PartyC,Activity DZ,PartyC,2021-06-23 06:06:23,case_221,m1_147,send,PartyA,m1,
ReceiveTask,PartyA,Activity D,PartyA,2021-06-23 06:06:31,case_221,m1_147,receive,,m1,PartyC
task,PartyC,Activity BZ,PartyC,2021-06-23 06:06:36,case_221,,,,,
task,PartyA,Activity B,PartyA,2021-06-23 06:06:40,case_221,,,,,
task,PartyA,Activity A,PartyA,2021-06-23 05:55:48,case_167,,,,,
task,PartyC,Activity ZA,PartyC,2021-06-23 05:55:50,case_167,,,,,
SendTask,PartyC,Activity DZ,PartyC,2021-06-23 05:55:54,case_167,m1_110,send,PartyA,m1,
ReceiveTask,PartyA,Activity D,PartyA,2021-06-23 05:56:01,case_167,m1_110,receive,,m1,PartyC
SendTask,PartyC,Activity CZ,PartyC,2021-06-23 05:56:05,case_167,m2_111,send,PartyA,m2,
ReceiveTask,PartyA,Activity C,PartyA,2021-06-23 05:56:12,case_167,m2_111,receive,,m2,PartyC
task,PartyC,Activity BZ,PartyC,2021-06-23 05:56:15,case_167,,,,,
task,PartyA,Activity B,PartyA,2021-06-23 05:56:20,case_167,,,,,
task,PartyA,Activity A,PartyA,2021-06-23 05:35:47,case_62,,,,,
task,PartyC,Activity ZA,PartyC,2021-06-23 05:35:48,case_62,,,,,
SendTask,PartyC,Activity DZ,PartyC,2021-06-23 05:35:48,case_62,m1_40,send,PartyA,m1,
ReceiveTask,PartyA,Activity D,PartyA,2021-06-23 05:35:52,case_62,m1_40,receive,,m1,PartyC
SendTask,PartyC,Activity CZ,PartyC,2021-06-23 05:35:54,case_62,m2_41,send,PartyA,m2,
task,PartyC,Activity BZ,PartyC,2021-06-23 05:35:57,case_62,,,,,
ReceiveTask,PartyA,Activity C,PartyA,2021-06-23 05:36:03,case_62,m2_41,receive,,m2,PartyC
task,PartyA,Activity B,PartyA,2021-06-23 05:36:03,case_62,,,,,
task,PartyA,Activity A,PartyA,2021-06-23 05:40:06,case_86,,,,,
task,PartyC,Activity ZA,PartyC,2021-06-23 05:40:10,case_86,,,,,
SendTask,PartyC,Activity CZ,PartyC,2021-06-23 05:40:14,case_86,m2_57,send,PartyA,m2,
SendTask,PartyC,Activity DZ,PartyC,2021-06-23 05:40:15,case_86,m1_56,send,PartyA,m1,
ReceiveTask,PartyA,Activity D,PartyA,2021-06-23 05:40:20,case_86,m1_56,receive,,m1,PartyC
ReceiveTask,PartyA,Activity C,PartyA,2021-06-23 05:40:27,case_86,m2_57,receive,,m2,PartyC
task,PartyA,Activity B,PartyA,2021-06-23 05:40:40,case_86,,,,,
task,PartyC,Activity BZ,PartyC,2021-06-23 05:40:43,case_86,,,,,
task,PartyC,Activity ZA,PartyC,2021-06-23 05:32:33,case_44,,,,,
SendTask,PartyC,Activity CZ,PartyC,2021-06-23 05:32:38,case_44,m2_29,send,PartyA,m2,
SendTask,PartyC,Activity DZ,PartyC,2021-06-23 05:32:47,case_44,m1_28,send,PartyA,m1,
task,PartyC,Activity BZ,PartyC,2021-06-23 05:32:55,case_44,,,,,
task,PartyA,Activity A,PartyA,2021-06-23 05:32:57,case_44,,,,,
ReceiveTask,PartyA,Activity D,PartyA,2021-06-23 05:33:00,case_44,m1_28,receive,,m1,PartyC
ReceiveTask,PartyA,Activity C,PartyA,2021-06-23 05:33:00,case_44,m2_29,receive,,m2,PartyC
task,PartyA,Activity B,PartyA,2021-06-23 05:33:03,case_44,,,,,
task,PartyC,Activity ZA,PartyC,2021-06-23 05:34:08,case_53,,,,,
task,PartyA,Activity A,PartyA,2021-06-23 05:34:13,case_53,,,,,
SendTask,PartyC,Activity CZ,PartyC,2021-06-23 05:34:15,case_53,m2_34,send,PartyA,m2,
SendTask,PartyC,Activity DZ,PartyC,2021-06-23 05:34:19,case_53,m1_35,send,PartyA,m1,
ReceiveTask,PartyA,Activity C,PartyA,2021-06-23 05:34:24,case_53,m2_34,receive,,m2,PartyC
ReceiveTask,PartyA,Activity D,PartyA,2021-06-23 05:34:31,case_53,m1_35,receive,,m1,PartyC
task,PartyC,Activity BZ,PartyC,2021-06-23 05:34:34,case_53,,,,,
task,PartyA,Activity B,PartyA,2021-06-23 05:34:36,case_53,,,,,
task,PartyC,Activity ZA,PartyC,2021-06-23 05:48:17,case_128,,,,,
SendTask,PartyC,Activity DZ,PartyC,2021-06-23 05:48:21,case_128,m1_85,send,PartyA,m1,
task,PartyA,Activity A,PartyA,2021-06-23 05:48:25,case_128,,,,,
SendTask,PartyC,Activity CZ,PartyC,2021-06-23 05:48:30,case_128,m2_84,send,PartyA,m2,
task,PartyC,Activity BZ,PartyC,2021-06-23 05:48:32,case_128,,,,,
ReceiveTask,PartyA,Activity C,PartyA,2021-06-23 05:48:34,case_128,m2_84,receive,,m2,PartyC
ReceiveTask,PartyA,Activity D,PartyA,2021-06-23 05:48:35,case_128,m1_85,receive,,m1,PartyC
task,PartyA,Activity B,PartyA,2021-06-23 05:48:37,case_128,,,,,
task,PartyC,Activity ZA,PartyC,2021-06-23 05:42:50,case_98,,,,,
SendTask,PartyC,Activity CZ,PartyC,2021-06-23 05:42:54,case_98,m2_65,send,PartyA,m2,
task,PartyA,Activity A,PartyA,2021-06-23 05:43:02,case_98,,,,,
SendTask,PartyC,Activity DZ,PartyC,2021-06-23 05:43:03,case_98,m1_64,send,PartyA,m1,
task,PartyC,Activity BZ,PartyC,2021-06-23 05:43:07,case_98,,,,,
ReceiveTask,PartyA,Activity D,PartyA,2021-06-23 05:43:11,case_98,m1_64,receive,,m1,PartyC
ReceiveTask,PartyA,Activity C,PartyA,2021-06-23 05:43:19,case_98,m2_65,receive,,m2,PartyC
task,PartyA,Activity B,PartyA,2021-06-23 05:43:24,case_98,,,,,
task,PartyC,Activity ZA,PartyC,2021-06-23 05:40:50,case_89,,,,,
task,PartyA,Activity A,PartyA,2021-06-23 05:40:58,case_89,,,,,
SendTask,PartyC,Activity CZ,PartyC,2021-06-23 05:40:58,case_89,m2_58,send,PartyA,m2,
SendTask,PartyC,Activity DZ,PartyC,2021-06-23 05:41:02,case_89,m1_59,send,PartyA,m1,
ReceiveTask,PartyA,Activity C,PartyA,2021-06-23 05:41:04,case_89,m2_58,receive,,m2,PartyC
ReceiveTask,PartyA,Activity D,PartyA,2021-06-23 05:41:13,case_89,m1_59,receive,,m1,PartyC
task,PartyC,Activity BZ,PartyC,2021-06-23 05:41:14,case_89,,,,,
task,PartyA,Activity B,PartyA,2021-06-23 05:41:16,case_89,,,,,
task,PartyC,Activity ZA,PartyC,2021-06-23 06:13:33,case_263,,,,,
task,PartyA,Activity A,PartyA,2021-06-23 06:13:37,case_263,,,,,
SendTask,PartyC,Activity DZ,PartyC,2021-06-23 06:13:42,case_263,m1_174,send,PartyA,m1,
SendTask,PartyC,Activity CZ,PartyC,2021-06-23 06:13:46,case_263,m2_175,send,PartyA,m2,
task,PartyC,Activity BZ,PartyC,2021-06-23 06:13:55,case_263,,,,,
ReceiveTask,PartyA,Activity D,PartyA,2021-06-23 06:14:02,case_263,m1_174,receive,,m1,PartyC
ReceiveTask,PartyA,Activity C,PartyA,2021-06-23 06:14:06,case_263,m2_175,receive,,m2,PartyC
task,PartyA,Activity B,PartyA,2021-06-23 06:14:12,case_263,,,,,
task,PartyC,Activity ZA,PartyC,2021-06-23 05:41:23,case_92,,,,,
task,PartyA,Activity A,PartyA,2021-06-23 05:41:33,case_92,,,,,
SendTask,PartyC,Activity CZ,PartyC,2021-06-23 05:41:38,case_92,m2_60,send,PartyA,m2,
ReceiveTask,PartyA,Activity C,PartyA,2021-06-23 05:41:44,case_92,m2_60,receive,,m2,PartyC
SendTask,PartyC,Activity DZ,PartyC,2021-06-23 05:41:48,case_92,m1_61,send,PartyA,m1,
ReceiveTask,PartyA,Activity D,PartyA,2021-06-23 05:41:54,case_92,m1_61,receive,,m1,PartyC
task,PartyA,Activity B,PartyA,2021-06-23 05:42:03,case_92,,,,,
task,PartyC,Activity BZ,PartyC,2021-06-23 05:42:05,case_92,,,,,
task,PartyC,Activity ZA,PartyC,2021-06-23 05:25:20,case_5,,,,,
task,PartyA,Activity A,PartyA,2021-06-23 05:25:26,case_5,,,,,
SendTask,PartyC,Activity CZ,PartyC,2021-06-23 05:25:31,case_5,m2_2,send,PartyA,m2,
ReceiveTask,PartyA,Activity C,PartyA,2021-06-23 05:25:36,case_5,m2_2,receive,,m2,PartyC
SendTask,PartyC,Activity DZ,PartyC,2021-06-23 05:25:40,case_5,m1_3,send,PartyA,m1,
ReceiveTask,PartyA,Activity D,PartyA,2021-06-23 05:25:45,case_5,m1_3,receive,,m1,PartyC
task,PartyC,Activity BZ,PartyC,2021-06-23 05:25:48,case_5,,,,,
task,PartyA,Activity B,PartyA,2021-06-23 05:25:48,case_5,,,,,
task,PartyA,Activity A,PartyA,2021-06-23 06:19:38,case_293,,,,,
task,PartyC,Activity ZA,PartyC,2021-06-23 06:19:41,case_293,,,,,
SendTask,PartyC,Activity CZ,PartyC,2021-06-23 06:19:41,case_293,m2_194,send,PartyA,m2,
ReceiveTask,PartyA,Activity C,PartyA,2021-06-23 06:19:51,case_293,m2_194,receive,,m2,PartyC
SendTask,PartyC,Activity DZ,PartyC,2021-06-23 06:19:55,case_293,m1_195,send,PartyA,m1,
task,PartyC,Activity BZ,PartyC,2021-06-23 06:20:03,case_293,,,,,
ReceiveTask,PartyA,Activity D,PartyA,2021-06-23 06:20:09,case_293,m1_195,receive,,m1,PartyC
task,PartyA,Activity B,PartyA,2021-06-23 06:20:10,case_293,,,,,
task,PartyA,Activity A,PartyA,2021-06-23 05:28:22,case_23,,,,,
task,PartyC,Activity ZA,PartyC,2021-06-23 05:28:23,case_23,,,,,
SendTask,PartyC,Activity CZ,PartyC,2021-06-23 05:28:23,case_23,m2_15,send,PartyA,m2,
SendTask,PartyC,Activity DZ,PartyC,2021-06-23 05:28:27,case_23,m1_14,send,PartyA,m1,
ReceiveTask,PartyA,Activity D,PartyA,2021-06-23 05:28:36,case_23,m1_14,receive,,m1,PartyC
task,PartyC,Activity BZ,PartyC,2021-06-23 05:28:41,case_23,,,,,
ReceiveTask,PartyA,Activity C,PartyA,2021-06-23 05:28:49,case_23,m2_15,receive,,m2,PartyC
task,PartyA,Activity B,PartyA,2021-06-23 05:28:53,case_23,,,,,
task,PartyA,Activity A,PartyA,2021-06-23 06:17:50,case_284,,,,,
task,PartyC,Activity ZA,PartyC,2021-06-23 06:17:51,case_284,,,,,
SendTask,PartyC,Activity DZ,PartyC,2021-06-23 06:17:54,case_284,m1_188,send,PartyA,m1,
ReceiveTask,PartyA,Activity D,PartyA,2021-06-23 06:17:58,case_284,m1_188,receive,,m1,PartyC
SendTask,PartyC,Activity CZ,PartyC,2021-06-23 06:18:02,case_284,m2_189,send,PartyA,m2,
ReceiveTask,PartyA,Activity C,PartyA,2021-06-23 06:18:05,case_284,m2_189,receive,,m2,PartyC
task,PartyC,Activity BZ,PartyC,2021-06-23 06:18:13,case_284,,,,,
task,PartyA,Activity B,PartyA,2021-06-23 06:18:16,case_284,,,,,
task,PartyA,Activity A,PartyA,2021-06-23 05:56:27,case_170,,,,,
task,PartyC,Activity ZA,PartyC,2021-06-23 05:56:35,case_170,,,,,
SendTask,PartyC,Activity CZ,PartyC,2021-06-23 05:56:39,case_170,m2_112,send,PartyA,m2,
ReceiveTask,PartyA,Activity C,PartyA,2021-06-23 05:56:45,case_170,m2_112,receive,,m2,PartyC
SendTask,PartyC,Activity DZ,PartyC,2021-06-23 05:56:50,case_170,m1_113,send,PartyA,m1,
ReceiveTask,PartyA,Activity D,PartyA,2021-06-23 05:56:57,case_170,m1_113,receive,,m1,PartyC
task,PartyC,Activity BZ,PartyC,2021-06-23 05:56:59,case_170,,,,,
task,PartyA,Activity B,PartyA,2021-06-23 05:57:03,case_170,,,,,
task,PartyA,Activity A,PartyA,2021-06-23 06:06:46,case_224,,,,,
task,PartyC,Activity ZA,PartyC,2021-06-23 06:06:48,case_224,,,,,
SendTask,PartyC,Activity CZ,PartyC,2021-06-23 06:06:49,case_224,m2_148,send,PartyA,m2,
ReceiveTask,PartyA,Activity C,PartyA,2021-06-23 06:06:53,case_224,m2_148,receive,,m2,PartyC
SendTask,PartyC,Activity DZ,PartyC,2021-06-23 06:06:54,case_224,m1_149,send,PartyA,m1,
ReceiveTask,PartyA,Activity D,PartyA,2021-06-23 06:06:58,case_224,m1_149,receive,,m1,PartyC
task,PartyC,Activity BZ,PartyC,2021-06-23 06:07:07,case_224,,,,,
task,PartyA,Activity B,PartyA,2021-06-23 06:07:08,case_224,,,,,
task,PartyA,Activity A,PartyA,2021-06-23 05:52:45,case_152,,,,,
task,PartyC,Activity ZA,PartyC,2021-06-23 05:52:45,case_152,,,,,
SendTask,PartyC,Activity DZ,PartyC,2021-06-23 05:52:47,case_152,m1_101,send,PartyA,m1,
SendTask,PartyC,Activity CZ,PartyC,2021-06-23 05:52:51,case_152,m2_100,send,PartyA,m2,
task,PartyC,Activity BZ,PartyC,2021-06-23 05:53:00,case_152,,,,,
ReceiveTask,PartyA,Activity C,PartyA,2021-06-23 05:53:11,case_152,m2_100,receive,,m2,PartyC
ReceiveTask,PartyA,Activity D,PartyA,2021-06-23 05:53:14,case_152,m1_101,receive,,m1,PartyC
task,PartyA,Activity B,PartyA,2021-06-23 05:53:16,case_152,,,,,
task,PartyA,Activity A,PartyA,2021-06-23 05:36:07,case_65,,,,,
task,PartyC,Activity ZA,PartyC,2021-06-23 05:36:10,case_65,,,,,
SendTask,PartyC,Activity CZ,PartyC,2021-06-23 05:36:13,case_65,m2_43,send,PartyA,m2,
SendTask,PartyC,Activity DZ,PartyC,2021-06-23 05:36:15,case_65,m1_42,send,PartyA,m1,
task,PartyC,Activity BZ,PartyC,2021-06-23 05:36:28,case_65,,,,,
ReceiveTask,PartyA,Activity D,PartyA,2021-06-23 05:36:32,case_65,m1_42,receive,,m1,PartyC
ReceiveTask,PartyA,Activity C,PartyA,2021-06-23 05:36:34,case_65,m2_43,receive,,m2,PartyC
task,PartyA,Activity B,PartyA,2021-06-23 05:36:38,case_65,,,,,
task,PartyA,Activity A,PartyA,2021-06-23 06:15:36,case_272,,,,,
task,PartyC,Activity ZA,PartyC,2021-06-23 06:15:38,case_272,,,,,
SendTask,PartyC,Activity CZ,PartyC,2021-06-23 06:15:43,case_272,m2_180,send,PartyA,m2,
ReceiveTask,PartyA,Activity C,PartyA,2021-06-23 06:15:51,case_272,m2_180,receive,,m2,PartyC
SendTask,PartyC,Activity DZ,PartyC,2021-06-23 06:15:56,case_272,m1_181,send,PartyA,m1,
ReceiveTask,PartyA,Activity D,PartyA,2021-06-23 06:15:58,case_272,m1_181,receive,,m1,PartyC
task,PartyC,Activity BZ,PartyC,2021-06-23 06:16:00,case_272,,,,,
task,PartyA,Activity B,PartyA,2021-06-23 06:16:11,case_272,,,,,
task,PartyC,Activity ZA,PartyC,2021-06-23 05:57:07,case_173,,,,,
SendTask,PartyC,Activity CZ,PartyC,2021-06-23 05:57:19,case_173,m2_115,send,PartyA,m2,
SendTask,PartyC,Activity DZ,PartyC,2021-06-23 05:57:22,case_173,m1_114,send,PartyA,m1,
task,PartyA,Activity A,PartyA,2021-06-23 05:57:23,case_173,,,,,
ReceiveTask,PartyA,Activity D,PartyA,2021-06-23 05:57:33,case_173,m1_114,receive,,m1,PartyC
ReceiveTask,PartyA,Activity C,PartyA,2021-06-23 05:57:39,case_173,m2_115,receive,,m2,PartyC
task,PartyC,Activity BZ,PartyC,2021-06-23 05:57:45,case_173,,,,,
task,PartyA,Activity B,PartyA,2021-06-23 05:57:51,case_173,,,,,
task,PartyA,Activity A,PartyA,2021-06-23 05:42:12,case_95,,,,,
task,PartyC,Activity ZA,PartyC,2021-06-23 05:42:17,case_95,,,,,
SendTask,PartyC,Activity CZ,PartyC,2021-06-23 05:42:22,case_95,m2_62,send,PartyA,m2,
SendTask,PartyC,Activity DZ,PartyC,2021-06-23 05:42:26,case_95,m1_63,send,PartyA,m1,
task,PartyC,Activity BZ,PartyC,2021-06-23 05:42:35,case_95,,,,,
ReceiveTask,PartyA,Activity C,PartyA,2021-06-23 05:42:42,case_95,m2_62,receive,,m2,PartyC
ReceiveTask,PartyA,Activity D,PartyA,2021-06-23 05:42:45,case_95,m1_63,receive,,m1,PartyC
task,PartyA,Activity B,PartyA,2021-06-23 05:42:46,case_95,,,,,
task,PartyC,Activity ZA,PartyC,2021-06-23 05:50:05,case_140,,,,,
SendTask,PartyC,Activity CZ,PartyC,2021-06-23 05:50:10,case_140,m2_93,send,PartyA,m2,
SendTask,PartyC,Activity DZ,PartyC,2021-06-23 05:50:15,case_140,m1_92,send,PartyA,m1,
task,PartyC,Activity BZ,PartyC,2021-06-23 05:50:20,case_140,,,,,
task,PartyA,Activity A,PartyA,2021-06-23 05:50:26,case_140,,,,,
ReceiveTask,PartyA,Activity D,PartyA,2021-06-23 05:50:31,case_140,m1_92,receive,,m1,PartyC
ReceiveTask,PartyA,Activity C,PartyA,2021-06-23 05:50:34,case_140,m2_93,receive,,m2,PartyC
task,PartyA,Activity B,PartyA,2021-06-23 05:50:38,case_140,,,,,
task,PartyC,Activity ZA,PartyC,2021-06-23 05:51:27,case_146,,,,,
task,PartyA,Activity A,PartyA,2021-06-23 05:51:32,case_146,,,,,
SendTask,PartyC,Activity CZ,PartyC,2021-06-23 05:51:38,case_146,m2_96,send,PartyA,m2,
ReceiveTask,PartyA,Activity C,PartyA,2021-06-23 05:51:45,case_146,m2_96,receive,,m2,PartyC
SendTask,PartyC,Activity DZ,PartyC,2021-06-23 05:51:47,case_146,m1_97,send,PartyA,m1,
task,PartyC,Activity BZ,PartyC,2021-06-23 05:51:55,case_146,,,,,
ReceiveTask,PartyA,Activity D,PartyA,2021-06-23 05:52:05,case_146,m1_97,receive,,m1,PartyC
task,PartyA,Activity B,PartyA,2021-06-23 05:52:07,case_146,,,,,
task,PartyA,Activity A,PartyA,2021-06-23 06:18:19,case_287,,,,,
task,PartyC,Activity ZA,PartyC,2021-06-23 06:18:26,case_287,,,,,
SendTask,PartyC,Activity CZ,PartyC,2021-06-23 06:18:29,case_287,m2_190,send,PartyA,m2,
SendTask,PartyC,Activity DZ,PartyC,2021-06-23 06:18:31,case_287,m1_191,send,PartyA,m1,
ReceiveTask,PartyA,Activity C,PartyA,2021-06-23 06:18:37,case_287,m2_190,receive,,m2,PartyC
ReceiveTask,PartyA,Activity D,PartyA,2021-06-23 06:18:43,case_287,m1_191,receive,,m1,PartyC
task,PartyC,Activity BZ,PartyC,2021-06-23 06:18:43,case_287,,,,,
task,PartyA,Activity B,PartyA,2021-06-23 06:18:48,case_287,,,,,
task,PartyC,Activity ZA,PartyC,2021-06-23 06:07:47,case_230,,,,,
SendTask,PartyC,Activity DZ,PartyC,2021-06-23 06:07:52,case_230,m1_153,send,PartyA,m1,
SendTask,PartyC,Activity CZ,PartyC,2021-06-23 06:07:57,case_230,m2_152,send,PartyA,m2,
task,PartyA,Activity A,PartyA,2021-06-23 06:08:01,case_230,,,,,
ReceiveTask,PartyA,Activity C,PartyA,2021-06-23 06:08:10,case_230,m2_152,receive,,m2,PartyC
ReceiveTask,PartyA,Activity D,PartyA,2021-06-23 06:08:15,case_230,m1_153,receive,,m1,PartyC
task,PartyC,Activity BZ,PartyC,2021-06-23 06:08:18,case_230,,,,,
task,PartyA,Activity B,PartyA,2021-06-23 06:08:20,case_230,,,,,
task,PartyA,Activity A,PartyA,2021-06-23 05:47:10,case_122,,,,,
task,PartyC,Activity ZA,PartyC,2021-06-23 05:47:14,case_122,,,,,
SendTask,PartyC,Activity CZ,PartyC,2021-06-23 05:47:16,case_122,m2_80,send,PartyA,m2,
ReceiveTask,PartyA,Activity C,PartyA,2021-06-23 05:47:20,case_122,m2_80,receive,,m2,PartyC
SendTask,PartyC,Activity DZ,PartyC,2021-06-23 05:47:22,case_122,m1_81,send,PartyA,m1,
ReceiveTask,PartyA,Activity D,PartyA,2021-06-23 05:47:26,case_122,m1_81,receive,,m1,PartyC
task,PartyA,Activity B,PartyA,2021-06-23 05:47:36,case_122,,,,,
task,PartyC,Activity BZ,PartyC,2021-06-23 05:47:37,case_122,,,,,
task,PartyC,Activity ZA,PartyC,2021-06-23 05:44:49,case_110,,,,,
task,PartyA,Activity A,PartyA,2021-06-23 05:44:54,case_110,,,,,
SendTask,PartyC,Activity DZ,PartyC,2021-06-23 05:44:56,case_110,m1_73,send,PartyA,m1,
SendTask,PartyC,Activity CZ,PartyC,2021-06-23 05:44:59,case_110,m2_72,send,PartyA,m2,
task,PartyC,Activity BZ,PartyC,2021-06-23 05:45:06,case_110,,,,,
ReceiveTask,PartyA,Activity C,PartyA,2021-06-23 05:45:09,case_110,m2_72,receive,,m2,PartyC
ReceiveTask,PartyA,Activity D,PartyA,2021-06-23 05:45:15,case_110,m1_73,receive,,m1,PartyC
task,PartyA,Activity B,PartyA,2021-06-23 05:45:17,case_110,,,,,
task,PartyA,Activity A,PartyA,2021-06-23 06:20:19,case_296,,,,,
task,PartyC,Activity ZA,PartyC,2021-06-23 06:20:23,case_296,,,,,
SendTask,PartyC,Activity DZ,PartyC,2021-06-23 06:20:26,case_296,m1_197,send,PartyA,m1,
SendTask,PartyC,Activity CZ,PartyC,2021-06-23 06:20:29,case_296,m2_196,send,PartyA,m2,
ReceiveTask,PartyA,Activity C,PartyA,2021-06-23 06:20:34,case_296,m2_196,receive,,m2,PartyC
ReceiveTask,PartyA,Activity D,PartyA,2021-06-23 06:20:44,case_296,m1_197,receive,,m1,PartyC
task,PartyA,Activity B,PartyA,2021-06-23 06:20:52,case_296,,,,,
task,PartyC,Activity BZ,PartyC,2021-06-23 06:20:53,case_296,,,,,
task,PartyA,Activity A,PartyA,2021-06-23 06:01:06,case_194,,,,,
task,PartyC,Activity ZA,PartyC,2021-06-23 06:01:10,case_194,,,,,
SendTask,PartyC,Activity CZ,PartyC,2021-06-23 06:01:13,case_194,m2_128,send,PartyA,m2,
SendTask,PartyC,Activity DZ,PartyC,2021-06-23 06:01:15,case_194,m1_129,send,PartyA,m1,
ReceiveTask,PartyA,Activity C,PartyA,2021-06-23 06:01:22,case_194,m2_128,receive,,m2,PartyC
ReceiveTask,PartyA,Activity D,PartyA,2021-06-23 06:01:31,case_194,m1_129,receive,,m1,PartyC
task,PartyC,Activity BZ,PartyC,2021-06-23 06:01:36,case_194,,,,,
task,PartyA,Activity B,PartyA,2021-06-23 06:01:36,case_194,,,,,
task,PartyA,Activity A,PartyA,2021-06-23 05:39:34,case_83,,,,,
task,PartyC,Activity ZA,PartyC,2021-06-23 05:39:41,case_83,,,,,
SendTask,PartyC,Activity CZ,PartyC,2021-06-23 05:39:42,case_83,m2_55,send,PartyA,m2,
SendTask,PartyC,Activity DZ,PartyC,2021-06-23 05:39:45,case_83,m1_54,send,PartyA,m1,
ReceiveTask,PartyA,Activity D,PartyA,2021-06-23 05:39:51,case_83,m1_54,receive,,m1,PartyC
ReceiveTask,PartyA,Activity C,PartyA,2021-06-23 05:39:52,case_83,m2_55,receive,,m2,PartyC
task,PartyA,Activity B,PartyA,2021-06-23 05:39:57,case_83,,,,,
task,PartyC,Activity BZ,PartyC,2021-06-23 05:39:57,case_83,,,,,
task,PartyA,Activity A,PartyA,2021-06-23 06:08:22,case_233,,,,,
task,PartyC,Activity ZA,PartyC,2021-06-23 06:08:23,case_233,,,,,
SendTask,PartyC,Activity DZ,PartyC,2021-06-23 06:08:24,case_233,m1_154,send,PartyA,m1,
ReceiveTask,PartyA,Activity D,PartyA,2021-06-23 06:08:28,case_233,m1_154,receive,,m1,PartyC
SendTask,PartyC,Activity CZ,PartyC,2021-06-23 06:08:29,case_233,m2_155,send,PartyA,m2,
ReceiveTask,PartyA,Activity C,PartyA,2021-06-23 06:08:39,case_233,m2_155,receive,,m2,PartyC
task,PartyC,Activity BZ,PartyC,2021-06-23 06:08:43,case_233,,,,,
task,PartyA,Activity B,PartyA,2021-06-23 06:08:46,case_233,,,,,
task,PartyA,Activity A,PartyA,2021-06-23 06:08:50,case_236,,,,,
task,PartyC,Activity ZA,PartyC,2021-06-23 06:08:56,case_236,,,,,
SendTask,PartyC,Activity DZ,PartyC,2021-06-23 06:08:57,case_236,m1_157,send,PartyA,m1,
SendTask,PartyC,Activity CZ,PartyC,2021-06-23 06:09:02,case_236,m2_156,send,PartyA,m2,
task,PartyC,Activity BZ,PartyC,2021-06-23 06:09:13,case_236,,,,,
ReceiveTask,PartyA,Activity C,PartyA,2021-06-23 06:09:17,case_236,m2_156,receive,,m2,PartyC
ReceiveTask,PartyA,Activity D,PartyA,2021-06-23 06:09:18,case_236,m1_157,receive,,m1,PartyC
task,PartyA,Activity B,PartyA,2021-06-23 06:09:20,case_236,,,,,
task,PartyC,Activity ZA,PartyC,2021-06-23 06:18:53,case_290,,,,,
task,PartyA,Activity A,PartyA,2021-06-23 06:18:58,case_290,,,,,
SendTask,PartyC,Activity CZ,PartyC,2021-06-23 06:19:05,case_290,m2_192,send,PartyA,m2,
ReceiveTask,PartyA,Activity C,PartyA,2021-06-23 06:19:10,case_290,m2_192,receive,,m2,PartyC
SendTask,PartyC,Activity DZ,PartyC,2021-06-23 06:19:13,case_290,m1_193,send,PartyA,m1,
task,PartyC,Activity BZ,PartyC,2021-06-23 06:19:17,case_290,,,,,
ReceiveTask,PartyA,Activity D,PartyA,2021-06-23 06:19:26,case_290,m1_193,receive,,m1,PartyC
task,PartyA,Activity B,PartyA,2021-06-23 06:19:31,case_290,,,,,
task,PartyA,Activity A,PartyA,2021-06-23 06:17:12,case_281,,,,,
task,PartyC,Activity ZA,PartyC,2021-06-23 06:17:19,case_281,,,,,
SendTask,PartyC,Activity CZ,PartyC,2021-06-23 06:17:19,case_281,m2_186,send,PartyA,m2,
ReceiveTask,PartyA,Activity C,PartyA,2021-06-23 06:17:21,case_281,m2_186,receive,,m2,PartyC
SendTask,PartyC,Activity DZ,PartyC,2021-06-23 06:17:21,case_281,m1_187,send,PartyA,m1,
task,PartyC,Activity BZ,PartyC,2021-06-23 06:17:27,case_281,,,,,
ReceiveTask,PartyA,Activity D,PartyA,2021-06-23 06:17:39,case_281,m1_187,receive,,m1,PartyC
task,PartyA,Activity B,PartyA,2021-06-23 06:17:40,case_281,,,,,
task,PartyC,Activity ZA,PartyC,2021-06-23 06:04:33,case_212,,,,,
task,PartyA,Activity A,PartyA,2021-06-23 06:04:37,case_212,,,,,
SendTask,PartyC,Activity CZ,PartyC,2021-06-23 06:04:37,case_212,m2_140,send,PartyA,m2,
ReceiveTask,PartyA,Activity C,PartyA,2021-06-23 06:04:40,case_212,m2_140,receive,,m2,PartyC
SendTask,PartyC,Activity DZ,PartyC,2021-06-23 06:04:44,case_212,m1_141,send,PartyA,m1,
ReceiveTask,PartyA,Activity D,PartyA,2021-06-23 06:04:50,case_212,m1_141,receive,,m1,PartyC
task,PartyC,Activity BZ,PartyC,2021-06-23 06:04:57,case_212,,,,,
task,PartyA,Activity B,PartyA,2021-06-23 06:05:02,case_212,,,,,
task,PartyA,Activity A,PartyA,2021-06-23 06:12:01,case_254,,,,,
task,PartyC,Activity ZA,PartyC,2021-06-23 06:12:05,case_254,,,,,
SendTask,PartyC,Activity DZ,PartyC,2021-06-23 06:12:10,case_254,m1_169,send,PartyA,m1,
SendTask,PartyC,Activity CZ,PartyC,2021-06-23 06:12:14,case_254,m2_168,send,PartyA,m2,
ReceiveTask,PartyA,Activity C,PartyA,2021-06-23 06:12:20,case_254,m2_168,receive,,m2,PartyC
task,PartyC,Activity BZ,PartyC,2021-06-23 06:12:24,case_254,,,,,
ReceiveTask,PartyA,Activity D,PartyA,2021-06-23 06:12:27,case_254,m1_169,receive,,m1,PartyC
task,PartyA,Activity B,PartyA,2021-06-23 06:12:27,case_254,,,,,
task,PartyC,Activity ZA,PartyC,2021-06-23 05:47:38,case_125,,,,,
task,PartyA,Activity A,PartyA,2021-06-23 05:47:45,case_125,,,,,
SendTask,PartyC,Activity CZ,PartyC,2021-06-23 05:47:46,case_125,m2_82,send,PartyA,m2,
SendTask,PartyC,Activity DZ,PartyC,2021-06-23 05:47:52,case_125,m1_83,send,PartyA,m1,
ReceiveTask,PartyA,Activity C,PartyA,2021-06-23 05:47:58,case_125,m2_82,receive,,m2,PartyC
task,PartyC,Activity BZ,PartyC,2021-06-23 05:48:05,case_125,,,,,
ReceiveTask,PartyA,Activity D,PartyA,2021-06-23 05:48:08,case_125,m1_83,receive,,m1,PartyC
task,PartyA,Activity B,PartyA,2021-06-23 05:48:11,case_125,,,,,
task,PartyA,Activity A,PartyA,2021-06-23 05:26:53,case_14,,,,,
task,PartyC,Activity ZA,PartyC,2021-06-23 05:26:56,case_14,,,,,
SendTask,PartyC,Activity DZ,PartyC,2021-06-23 05:26:58,case_14,m1_8,send,PartyA,m1,
ReceiveTask,PartyA,Activity D,PartyA,2021-06-23 05:27:00,case_14,m1_8,receive,,m1,PartyC
SendTask,PartyC,Activity CZ,PartyC,2021-06-23 05:27:03,case_14,m2_9,send,PartyA,m2,
ReceiveTask,PartyA,Activity C,PartyA,2021-06-23 05:27:07,case_14,m2_9,receive,,m2,PartyC
task,PartyA,Activity B,PartyA,2021-06-23 05:27:15,case_14,,,,,
task,PartyC,Activity BZ,PartyC,2021-06-23 05:27:19,case_14,,,,,
task,PartyA,Activity A,PartyA,2021-06-23 06:14:23,case_266,,,,,
task,PartyC,Activity ZA,PartyC,2021-06-23 06:14:27,case_266,,,,,
SendTask,PartyC,Activity DZ,PartyC,2021-06-23 06:14:29,case_266,m1_176,send,PartyA,m1,
SendTask,PartyC,Activity CZ,PartyC,2021-06-23 06:14:32,case_266,m2_177,send,PartyA,m2,
ReceiveTask,PartyA,Activity D,PartyA,2021-06-23 06:14:37,case_266,m1_176,receive,,m1,PartyC
task,PartyC,Activity BZ,PartyC,2021-06-23 06:14:44,case_266,,,,,
ReceiveTask,PartyA,Activity C,PartyA,2021-06-23 06:14:47,case_266,m2_177,receive,,m2,PartyC
task,PartyA,Activity B,PartyA,2021-06-23 06:14:49,case_266,,,,,
task,PartyA,Activity A,PartyA,2021-06-23 05:29:00,case_26,,,,,
task,PartyC,Activity ZA,PartyC,2021-06-23 05:29:04,case_26,,,,,
SendTask,PartyC,Activity DZ,PartyC,2021-06-23 05:29:08,case_26,m1_17,send,PartyA,m1,
SendTask,PartyC,Activity CZ,PartyC,2021-06-23 05:29:08,case_26,m2_16,send,PartyA,m2,
ReceiveTask,PartyA,Activity C,PartyA,2021-06-23 05:29:09,case_26,m2_16,receive,,m2,PartyC
task,PartyC,Activity BZ,PartyC,2021-06-23 05:29:17,case_26,,,,,
ReceiveTask,PartyA,Activity D,PartyA,2021-06-23 05:29:21,case_26,m1_17,receive,,m1,PartyC
task,PartyA,Activity B,PartyA,2021-06-23 05:29:25,case_26,,,,,
task,PartyA,Activity A,PartyA,2021-06-23 06:10:28,case_245,,,,,
task,PartyC,Activity ZA,PartyC,2021-06-23 06:10:28,case_245,,,,,
SendTask,PartyC,Activity CZ,PartyC,2021-06-23 06:10:28,case_245,m2_162,send,PartyA,m2,
SendTask,PartyC,Activity DZ,PartyC,2021-06-23 06:10:29,case_245,m1_163,send,PartyA,m1,
ReceiveTask,PartyA,Activity C,PartyA,2021-06-23 06:10:38,case_245,m2_162,receive,,m2,PartyC
task,PartyC,Activity BZ,PartyC,2021-06-23 06:10:47,case_245,,,,,
ReceiveTask,PartyA,Activity D,PartyA,2021-06-23 06:10:57,case_245,m1_163,receive,,m1,PartyC
task,PartyA,Activity B,PartyA,2021-06-23 06:11:00,case_245,,,,,
task,PartyA,Activity A,PartyA,2021-06-23 06:12:29,case_257,,,,,
task,PartyC,Activity ZA,PartyC,2021-06-23 06:12:30,case_257,,,,,
SendTask,PartyC,Activity DZ,PartyC,2021-06-23 06:12:32,case_257,m1_170,send,PartyA,m1,
ReceiveTask,PartyA,Activity D,PartyA,2021-06-23 06:12:39,case_257,m1_170,receive,,m1,PartyC
SendTask,PartyC,Activity CZ,PartyC,2021-06-23 06:12:44,case_257,m2_171,send,PartyA,m2,
task,PartyC,Activity BZ,PartyC,2021-06-23 06:12:51,case_257,,,,,
ReceiveTask,PartyA,Activity C,PartyA,2021-06-23 06:12:59,case_257,m2_171,receive,,m2,PartyC
task,PartyA,Activity B,PartyA,2021-06-23 06:13:00,case_257,,,,,
task,PartyA,Activity A,PartyA,2021-06-23 05:49:33,case_137,,,,,
task,PartyC,Activity ZA,PartyC,2021-06-23 05:49:33,case_137,,,,,
SendTask,PartyC,Activity DZ,PartyC,2021-06-23 05:49:37,case_137,m1_90,send,PartyA,m1,
SendTask,PartyC,Activity CZ,PartyC,2021-06-23 05:49:38,case_137,m2_91,send,PartyA,m2,
ReceiveTask,PartyA,Activity D,PartyA,2021-06-23 05:49:51,case_137,m1_90,receive,,m1,PartyC
ReceiveTask,PartyA,Activity C,PartyA,2021-06-23 05:49:58,case_137,m2_91,receive,,m2,PartyC
task,PartyC,Activity BZ,PartyC,2021-06-23 05:50:00,case_137,,,,,
task,PartyA,Activity B,PartyA,2021-06-23 05:50:01,case_137,,,,,
task,PartyC,Activity ZA,PartyC,2021-06-23 06:02:56,case_203,,,,,
SendTask,PartyC,Activity DZ,PartyC,2021-06-23 06:03:01,case_203,m1_134,send,PartyA,m1,
SendTask,PartyC,Activity CZ,PartyC,2021-06-23 06:03:04,case_203,m2_135,send,PartyA,m2,
task,PartyA,Activity A,PartyA,2021-06-23 06:03:10,case_203,,,,,
ReceiveTask,PartyA,Activity D,PartyA,2021-06-23 06:03:18,case_203,m1_134,receive,,m1,PartyC
task,PartyC,Activity BZ,PartyC,2021-06-23 06:03:21,case_203,,,,,
ReceiveTask,PartyA,Activity C,PartyA,2021-06-23 06:03:28,case_203,m2_135,receive,,m2,PartyC
task,PartyA,Activity B,PartyA,2021-06-23 06:03:30,case_203,,,,,
task,PartyA,Activity A,PartyA,2021-06-23 05:53:54,case_158,,,,,
task,PartyC,Activity ZA,PartyC,2021-06-23 05:54:01,case_158,,,,,
SendTask,PartyC,Activity CZ,PartyC,2021-06-23 05:54:05,case_158,m2_105,send,PartyA,m2,
SendTask,PartyC,Activity DZ,PartyC,2021-06-23 05:54:09,case_158,m1_104,send,PartyA,m1,
ReceiveTask,PartyA,Activity D,PartyA,2021-06-23 05:54:18,case_158,m1_104,receive,,m1,PartyC
task,PartyC,Activity BZ,PartyC,2021-06-23 05:54:23,case_158,,,,,
ReceiveTask,PartyA,Activity C,PartyA,2021-06-23 05:54:29,case_158,m2_105,receive,,m2,PartyC
task,PartyA,Activity B,PartyA,2021-06-23 05:54:31,case_158,,,,,
task,PartyA,Activity A,PartyA,2021-06-23 05:38:00,case_74,,,,,
task,PartyC,Activity ZA,PartyC,2021-06-23 05:38:05,case_74,,,,,
SendTask,PartyC,Activity CZ,PartyC,2021-06-23 05:38:06,case_74,m2_49,send,PartyA,m2,
SendTask,PartyC,Activity DZ,PartyC,2021-06-23 05:38:08,case_74,m1_48,send,PartyA,m1,
task,PartyC,Activity BZ,PartyC,2021-06-23 05:38:16,case_74,,,,,
ReceiveTask,PartyA,Activity D,PartyA,2021-06-23 05:38:20,case_74,m1_48,receive,,m1,PartyC
ReceiveTask,PartyA,Activity C,PartyA,2021-06-23 05:38:23,case_74,m2_49,receive,,m2,PartyC
task,PartyA,Activity B,PartyA,2021-06-23 05:38:24,case_74,,,,,
task,PartyC,Activity ZA,PartyC,2021-06-23 05:34:40,case_56,,,,,
SendTask,PartyC,Activity DZ,PartyC,2021-06-23 05:34:48,case_56,m1_36,send,PartyA,m1,
SendTask,PartyC,Activity CZ,PartyC,2021-06-23 05:34:53,case_56,m2_37,send,PartyA,m2,
task,PartyC,Activity BZ,PartyC,2021-06-23 05:34:59,case_56,,,,,
task,PartyA,Activity A,PartyA,2021-06-23 05:35:05,case_56,,,,,
ReceiveTask,PartyA,Activity D,PartyA,2021-06-23 05:35:09,case_56,m1_36,receive,,m1,PartyC
ReceiveTask,PartyA,Activity C,PartyA,2021-06-23 05:35:10,case_56,m2_37,receive,,m2,PartyC
task,PartyA,Activity B,PartyA,2021-06-23 05:35:13,case_56,,,,,
task,PartyA,Activity A,PartyA,2021-06-23 05:59:38,case_185,,,,,
task,PartyC,Activity ZA,PartyC,2021-06-23 05:59:39,case_185,,,,,
SendTask,PartyC,Activity CZ,PartyC,2021-06-23 05:59:39,case_185,m2_122,send,PartyA,m2,
ReceiveTask,PartyA,Activity C,PartyA,2021-06-23 05:59:44,case_185,m2_122,receive,,m2,PartyC
SendTask,PartyC,Activity DZ,PartyC,2021-06-23 05:59:45,case_185,m1_123,send,PartyA,m1,
ReceiveTask,PartyA,Activity D,PartyA,2021-06-23 05:59:49,case_185,m1_123,receive,,m1,PartyC
task,PartyC,Activity BZ,PartyC,2021-06-23 05:59:56,case_185,,,,,
task,PartyA,Activity B,PartyA,2021-06-23 06:00:02,case_185,,,,,
task,PartyC,Activity ZA,PartyC,2021-06-23 05:24:37,case_2,,,,,
task,PartyA,Activity A,PartyA,2021-06-23 05:24:39,case_2,,,,,
SendTask,PartyC,Activity DZ,PartyC,2021-06-23 05:24:45,case_2,m1_0,send,PartyA,m1,
SendTask,PartyC,Activity CZ,PartyC,2021-06-23 05:24:46,case_2,m2_1,send,PartyA,m2,
ReceiveTask,PartyA,Activity D,PartyA,2021-06-23 05:24:52,case_2,m1_0,receive,,m1,PartyC
ReceiveTask,PartyA,Activity C,PartyA,2021-06-23 05:24:59,case_2,m2_1,receive,,m2,PartyC
task,PartyC,Activity BZ,PartyC,2021-06-23 05:25:07,case_2,,,,,
task,PartyA,Activity B,PartyA,2021-06-23 05:25:14,case_2,,,,,
task,PartyA,Activity A,PartyA,2021-06-23 05:29:30,case_29,,,,,
task,PartyC,Activity ZA,PartyC,2021-06-23 05:29:35,case_29,,,,,
SendTask,PartyC,Activity CZ,PartyC,2021-06-23 05:29:38,case_29,m2_18,send,PartyA,m2,
SendTask,PartyC,Activity DZ,PartyC,2021-06-23 05:29:42,case_29,m1_19,send,PartyA,m1,
ReceiveTask,PartyA,Activity C,PartyA,2021-06-23 05:29:50,case_29,m2_18,receive,,m2,PartyC
task,PartyC,Activity BZ,PartyC,2021-06-23 05:29:51,case_29,,,,,
ReceiveTask,PartyA,Activity D,PartyA,2021-06-23 05:29:55,case_29,m1_19,receive,,m1,PartyC
task,PartyA,Activity B,PartyA,2021-06-23 05:29:56,case_29,,,,,
task,PartyA,Activity A,PartyA,2021-06-23 05:44:14,case_107,,,,,
task,PartyC,Activity ZA,PartyC,2021-06-23 05:44:20,case_107,,,,,
SendTask,PartyC,Activity CZ,PartyC,2021-06-23 05:44:23,case_107,m2_70,send,PartyA,m2,
ReceiveTask,PartyA,Activity C,PartyA,2021-06-23 05:44:28,case_107,m2_70,receive,,m2,PartyC
SendTask,PartyC,Activity DZ,PartyC,2021-06-23 05:44:31,case_107,m1_71,send,PartyA,m1,
task,PartyC,Activity BZ,PartyC,2021-06-23 05:44:37,case_107,,,,,
ReceiveTask,PartyA,Activity D,PartyA,2021-06-23 05:44:42,case_107,m1_71,receive,,m1,PartyC
task,PartyA,Activity B,PartyA,2021-06-23 05:44:44,case_107,,,,,
task,PartyA,Activity A,PartyA,2021-06-23 05:46:23,case_119,,,,,
task,PartyC,Activity ZA,PartyC,2021-06-23 05:46:28,case_119,,,,,
SendTask,PartyC,Activity CZ,PartyC,2021-06-23 05:46:29,case_119,m2_78,send,PartyA,m2,
ReceiveTask,PartyA,Activity C,PartyA,2021-06-23 05:46:36,case_119,m2_78,receive,,m2,PartyC
SendTask,PartyC,Activity DZ,PartyC,2021-06-23 05:46:40,case_119,m1_79,send,PartyA,m1,
ReceiveTask,PartyA,Activity D,PartyA,2021-06-23 05:46:43,case_119,m1_79,receive,,m1,PartyC
task,PartyC,Activity BZ,PartyC,2021-06-23 05:46:48,case_119,,,,,
task,PartyA,Activity B,PartyA,2021-06-23 05:46:58,case_119,,,,,
task,PartyC,Activity ZA,PartyC,2021-06-23 05:54:34,case_161,,,,,
task,PartyA,Activity A,PartyA,2021-06-23 05:54:37,case_161,,,,,
SendTask,PartyC,Activity CZ,PartyC,2021-06-23 05:54:43,case_161,m2_106,send,PartyA,m2,
ReceiveTask,PartyA,Activity C,PartyA,2021-06-23 05:54:48,case_161,m2_106,receive,,m2,PartyC
SendTask,PartyC,Activity DZ,PartyC,2021-06-23 05:54:49,case_161,m1_107,send,PartyA,m1,
ReceiveTask,PartyA,Activity D,PartyA,2021-06-23 05:54:52,case_161,m1_107,receive,,m1,PartyC
task,PartyC,Activity BZ,PartyC,2021-06-23 05:54:56,case_161,,,,,
task,PartyA,Activity B,PartyA,2021-06-23 05:54:59,case_161,,,,,
task,PartyC,Activity ZA,PartyC,2021-06-23 05:33:05,case_47,,,,,
task,PartyA,Activity A,PartyA,2021-06-23 05:33:08,case_47,,,,,
SendTask,PartyC,Activity CZ,PartyC,2021-06-23 05:33:10,case_47,m2_30,send,PartyA,m2,
SendTask,PartyC,Activity DZ,PartyC,2021-06-23 05:33:12,case_47,m1_31,send,PartyA,m1,
ReceiveTask,PartyA,Activity C,PartyA,2021-06-23 05:33:21,case_47,m2_30,receive,,m2,PartyC
ReceiveTask,PartyA,Activity D,PartyA,2021-06-23 05:33:28,case_47,m1_31,receive,,m1,PartyC
task,PartyC,Activity BZ,PartyC,2021-06-23 05:33:32,case_47,,,,,
task,PartyA,Activity B,PartyA,2021-06-23 05:33:35,case_47,,,,,
task,PartyC,Activity ZA,PartyC,2021-06-23 06:03:32,case_206,,,,,
task,PartyA,Activity A,PartyA,2021-06-23 06:03:38,case_206,,,,,
SendTask,PartyC,Activity DZ,PartyC,2021-06-23 06:03:40,case_206,m1_136,send,PartyA,m1,
ReceiveTask,PartyA,Activity D,PartyA,2021-06-23 06:03:45,case_206,m1_136,receive,,m1,PartyC
SendTask,PartyC,Activity CZ,PartyC,2021-06-23 06:03:48,case_206,m2_137,send,PartyA,m2,
task,PartyC,Activity BZ,PartyC,2021-06-23 06:03:53,case_206,,,,,
ReceiveTask,PartyA,Activity C,PartyA,2021-06-23 06:04:00,case_206,m2_137,receive,,m2,PartyC
task,PartyA,Activity B,PartyA,2021-06-23 06:04:01,case_206,,,,,
task,PartyA,Activity A,PartyA,2021-06-23 05:48:38,case_131,,,,,
task,PartyC,Activity ZA,PartyC,2021-06-23 05:48:41,case_131,,,,,
SendTask,PartyC,Activity DZ,PartyC,2021-06-23 05:48:43,case_131,m1_86,send,PartyA,m1,
ReceiveTask,PartyA,Activity D,PartyA,2021-06-23 05:48:50,case_131,m1_86,receive,,m1,PartyC
SendTask,PartyC,Activity CZ,PartyC,2021-06-23 05:48:51,case_131,m2_87,send,PartyA,m2,
ReceiveTask,PartyA,Activity C,PartyA,2021-06-23 05:48:53,case_131,m2_87,receive,,m2,PartyC
task,PartyC,Activity BZ,PartyC,2021-06-23 05:48:56,case_131,,,,,
task,PartyA,Activity B,PartyA,2021-06-23 05:48:59,case_131,,,,,
task,PartyA,Activity A,PartyA,2021-06-23 06:13:07,case_260,,,,,
task,PartyC,Activity ZA,PartyC,2021-06-23 06:13:11,case_260,,,,,
SendTask,PartyC,Activity CZ,PartyC,2021-06-23 06:13:13,case_260,m2_172,send,PartyA,m2,
ReceiveTask,PartyA,Activity C,PartyA,2021-06-23 06:13:14,case_260,m2_172,receive,,m2,PartyC
SendTask,PartyC,Activity DZ,PartyC,2021-06-23 06:13:15,case_260,m1_173,send,PartyA,m1,
ReceiveTask,PartyA,Activity D,PartyA,2021-06-23 06:13:25,case_260,m1_173,receive,,m1,PartyC
task,PartyC,Activity BZ,PartyC,2021-06-23 06:13:27,case_260,,,,,
task,PartyA,Activity B,PartyA,2021-06-23 06:13:30,case_260,,,,,
task,PartyA,Activity A,PartyA,2021-06-23 06:00:26,case_191,,,,,
task,PartyC,Activity ZA,PartyC,2021-06-23 06:00:32,case_191,,,,,
SendTask,PartyC,Activity CZ,PartyC,2021-06-23 06:00:36,case_191,m2_126,send,PartyA,m2,
SendTask,PartyC,Activity DZ,PartyC,2021-06-23 06:00:36,case_191,m1_127,send,PartyA,m1,
ReceiveTask,PartyA,Activity C,PartyA,2021-06-23 06:00:51,case_191,m2_126,receive,,m2,PartyC
task,PartyC,Activity BZ,PartyC,2021-06-23 06:00:56,case_191,,,,,
ReceiveTask,PartyA,Activity D,PartyA,2021-06-23 06:01:01,case_191,m1_127,receive,,m1,PartyC
task,PartyA,Activity B,PartyA,2021-06-23 06:01:04,case_191,,,,,
task,PartyA,Activity A,PartyA,2021-06-23 05:49:02,case_134,,,,,
task,PartyC,Activity ZA,PartyC,2021-06-23 05:49:03,case_134,,,,,
SendTask,PartyC,Activity CZ,PartyC,2021-06-23 05:49:05,case_134,m2_88,send,PartyA,m2,
SendTask,PartyC,Activity DZ,PartyC,2021-06-23 05:49:06,case_134,m1_89,send,PartyA,m1,
ReceiveTask,PartyA,Activity C,PartyA,2021-06-23 05:49:19,case_134,m2_88,receive,,m2,PartyC
task,PartyC,Activity BZ,PartyC,2021-06-23 05:49:23,case_134,,,,,
ReceiveTask,PartyA,Activity D,PartyA,2021-06-23 05:49:29,case_134,m1_89,receive,,m1,PartyC
task,PartyA,Activity B,PartyA,2021-06-23 05:49:32,case_134,,,,,
task,PartyA,Activity A,PartyA,2021-06-23 05:30:39,case_35,,,,,
task,PartyC,Activity ZA,PartyC,2021-06-23 05:30:43,case_35,,,,,
SendTask,PartyC,Activity DZ,PartyC,2021-06-23 05:30:44,case_35,m1_22,send,PartyA,m1,
ReceiveTask,PartyA,Activity D,PartyA,2021-06-23 05:30:52,case_35,m1_22,receive,,m1,PartyC
SendTask,PartyC,Activity CZ,PartyC,2021-06-23 05:30:56,case_35,m2_23,send,PartyA,m2,
ReceiveTask,PartyA,Activity C,PartyA,2021-06-23 05:31:05,case_35,m2_23,receive,,m2,PartyC
task,PartyC,Activity BZ,PartyC,2021-06-23 05:31:09,case_35,,,,,
task,PartyA,Activity B,PartyA,2021-06-23 05:31:13,case_35,,,,,
task,PartyA,Activity A,PartyA,2021-06-23 05:33:37,case_50,,,,,
task,PartyC,Activity ZA,PartyC,2021-06-23 05:33:37,case_50,,,,,
SendTask,PartyC,Activity DZ,PartyC,2021-06-23 05:33:41,case_50,m1_33,send,PartyA,m1,
SendTask,PartyC,Activity CZ,PartyC,2021-06-23 05:33:45,case_50,m2_32,send,PartyA,m2,
ReceiveTask,PartyA,Activity C,PartyA,2021-06-23 05:33:51,case_50,m2_32,receive,,m2,PartyC
ReceiveTask,PartyA,Activity D,PartyA,2021-06-23 05:33:55,case_50,m1_33,receive,,m1,PartyC
task,PartyA,Activity B,PartyA,2021-06-23 05:34:00,case_50,,,,,
task,PartyC,Activity BZ,PartyC,2021-06-23 05:34:05,case_50,,,,,
task,PartyA,Activity A,PartyA,2021-06-23 06:09:56,case_242,,,,,
task,PartyC,Activity ZA,PartyC,2021-06-23 06:10:01,case_242,,,,,
SendTask,PartyC,Activity CZ,PartyC,2021-06-23 06:10:02,case_242,m2_161,send,PartyA,m2,
SendTask,PartyC,Activity DZ,PartyC,2021-06-23 06:10:05,case_242,m1_160,send,PartyA,m1,
task,PartyC,Activity BZ,PartyC,2021-06-23 06:10:10,case_242,,,,,
ReceiveTask,PartyA,Activity D,PartyA,2021-06-23 06:10:16,case_242,m1_160,receive,,m1,PartyC
ReceiveTask,PartyA,Activity C,PartyA,2021-06-23 06:10:17,case_242,m2_161,receive,,m2,PartyC
task,PartyA,Activity B,PartyA,2021-06-23 06:10:21,case_242,,,,,
task,PartyA,Activity A,PartyA,2021-06-23 05:32:15,case_41,,,,,
task,PartyC,Activity ZA,PartyC,2021-06-23 05:32:19,case_41,,,,,
SendTask,PartyC,Activity DZ,PartyC,2021-06-23 05:32:21,case_41,m1_27,send,PartyA,m1,
SendTask,PartyC,Activity CZ,PartyC,2021-06-23 05:32:23,case_41,m2_26,send,PartyA,m2,
task,PartyC,Activity BZ,PartyC,2021-06-23 05:32:25,case_41,,,,,
ReceiveTask,PartyA,Activity C,PartyA,2021-06-23 05:32:28,case_41,m2_26,receive,,m2,PartyC
ReceiveTask,PartyA,Activity D,PartyA,2021-06-23 05:32:29,case_41,m1_27,receive,,m1,PartyC
task,PartyA,Activity B,PartyA,2021-06-23 05:32:31,case_41,,,,,
task,PartyC,Activity ZA,PartyC,2021-06-23 05:43:28,case_101,,,,,
SendTask,PartyC,Activity DZ,PartyC,2021-06-23 05:43:30,case_101,m1_66,send,PartyA,m1,
SendTask,PartyC,Activity CZ,PartyC,2021-06-23 05:43:32,case_101,m2_67,send,PartyA,m2,
task,PartyC,Activity BZ,PartyC,2021-06-23 05:43:34,case_101,,,,,
task,PartyA,Activity A,PartyA,2021-06-23 05:43:39,case_101,,,,,
ReceiveTask,PartyA,Activity D,PartyA,2021-06-23 05:43:41,case_101,m1_66,receive,,m1,PartyC
ReceiveTask,PartyA,Activity C,PartyA,2021-06-23 05:43:41,case_101,m2_67,receive,,m2,PartyC
task,PartyA,Activity B,PartyA,2021-06-23 05:43:44,case_101,,,,,
task,PartyA,Activity A,PartyA,2021-06-23 05:55:08,case_164,,,,,
task,PartyC,Activity ZA,PartyC,2021-06-23 05:55:12,case_164,,,,,
SendTask,PartyC,Activity DZ,PartyC,2021-06-23 05:55:13,case_164,m1_108,send,PartyA,m1,
SendTask,PartyC,Activity CZ,PartyC,2021-06-23 05:55:14,case_164,m2_109,send,PartyA,m2,
task,PartyC,Activity BZ,PartyC,2021-06-23 05:55:25,case_164,,,,,
ReceiveTask,PartyA,Activity D,PartyA,2021-06-23 05:55:33,case_164,m1_108,receive,,m1,PartyC
ReceiveTask,PartyA,Activity C,PartyA,2021-06-23 05:55:38,case_164,m2_109,receive,,m2,PartyC
task,PartyA,Activity B,PartyA,2021-06-23 05:55:41,case_164,,,,,
task,PartyC,Activity ZA,PartyC,2021-06-23 05:58:18,case_179,,,,,
SendTask,PartyC,Activity DZ,PartyC,2021-06-23 05:58:25,case_179,m1_119,send,PartyA,m1,
SendTask,PartyC,Activity CZ,PartyC,2021-06-23 05:58:29,case_179,m2_118,send,PartyA,m2,
task,PartyC,Activity BZ,PartyC,2021-06-23 05:58:35,case_179,,,,,
task,PartyA,Activity A,PartyA,2021-06-23 05:58:39,case_179,,,,,
ReceiveTask,PartyA,Activity C,PartyA,2021-06-23 05:58:41,case_179,m2_118,receive,,m2,PartyC
ReceiveTask,PartyA,Activity D,PartyA,2021-06-23 05:58:45,case_179,m1_119,receive,,m1,PartyC
task,PartyA,Activity B,PartyA,2021-06-23 05:58:45,case_179,,,,,
task,PartyA,Activity A,PartyA,2021-06-23 05:31:22,case_38,,,,,
task,PartyC,Activity ZA,PartyC,2021-06-23 05:31:28,case_38,,,,,
SendTask,PartyC,Activity DZ,PartyC,2021-06-23 05:31:31,case_38,m1_25,send,PartyA,m1,
SendTask,PartyC,Activity CZ,PartyC,2021-06-23 05:31:32,case_38,m2_24,send,PartyA,m2,
ReceiveTask,PartyA,Activity C,PartyA,2021-06-23 05:31:40,case_38,m2_24,receive,,m2,PartyC
ReceiveTask,PartyA,Activity D,PartyA,2021-06-23 05:31:49,case_38,m1_25,receive,,m1,PartyC
task,PartyC,Activity BZ,PartyC,2021-06-23 05:31:56,case_38,,,,,
task,PartyA,Activity B,PartyA,2021-06-23 05:32:03,case_38,,,,,
task,PartyC,Activity ZA,PartyC,2021-06-23 05:30:01,case_32,,,,,
task,PartyA,Activity A,PartyA,2021-06-23 05:30:07,case_32,,,,,
SendTask,PartyC,Activity DZ,PartyC,2021-06-23 05:30:14,case_32,m1_20,send,PartyA,m1,
ReceiveTask,PartyA,Activity D,PartyA,2021-06-23 05:30:21,case_32,m1_20,receive,,m1,PartyC
SendTask,PartyC,Activity CZ,PartyC,2021-06-23 05:30:23,case_32,m2_21,send,PartyA,m2,
ReceiveTask,PartyA,Activity C,PartyA,2021-06-23 05:30:23,case_32,m2_21,receive,,m2,PartyC
task,PartyC,Activity BZ,PartyC,2021-06-23 05:30:29,case_32,,,,,
task,PartyA,Activity B,PartyA,2021-06-23 05:30:31,case_32,,,,,
task,PartyA,Activity A,PartyA,2021-06-23 06:20:55,case_299,,,,,
task,PartyC,Activity ZA,PartyC,2021-06-23 06:21:04,case_299,,,,,
SendTask,PartyC,Activity DZ,PartyC,2021-06-23 06:21:07,case_299,m1_199,send,PartyA,m1,
SendTask,PartyC,Activity CZ,PartyC,2021-06-23 06:21:07,case_299,m2_198,send,PartyA,m2,
task,PartyC,Activity BZ,PartyC,2021-06-23 06:21:15,case_299,,,,,
ReceiveTask,PartyA,Activity C,PartyA,2021-06-23 06:21:19,case_299,m2_198,receive,,m2,PartyC
ReceiveTask,PartyA,Activity D,PartyA,2021-06-23 06:21:20,case_299,m1_199,receive,,m1,PartyC
task,PartyA,Activity B,PartyA,2021-06-23 06:21:23,case_299,,,,,
task,PartyC,Activity ZA,PartyC,2021-06-23 06:01:38,case_197,,,,,
SendTask,PartyC,Activity CZ,PartyC,2021-06-23 06:01:47,case_197,m2_130,send,PartyA,m2,
SendTask,PartyC,Activity DZ,PartyC,2021-06-23 06:01:53,case_197,m1_131,send,PartyA,m1,
task,PartyC,Activity BZ,PartyC,2021-06-23 06:02:01,case_197,,,,,
task,PartyA,Activity A,PartyA,2021-06-23 06:02:05,case_197,,,,,
ReceiveTask,PartyA,Activity C,PartyA,2021-06-23 06:02:09,case_197,m2_130,receive,,m2,PartyC
ReceiveTask,PartyA,Activity D,PartyA,2021-06-23 06:02:10,case_197,m1_131,receive,,m1,PartyC
task,PartyA,Activity B,PartyA,2021-06-23 06:02:11,case_197,,,,,
task,PartyA,Activity A,PartyA,2021-06-23 06:05:44,case_218,,,,,
task,PartyC,Activity ZA,PartyC,2021-06-23 06:05:49,case_218,,,,,
SendTask,PartyC,Activity CZ,PartyC,2021-06-23 06:05:50,case_218,m2_145,send,PartyA,m2,
SendTask,PartyC,Activity DZ,PartyC,2021-06-23 06:05:53,case_218,m1_144,send,PartyA,m1,
ReceiveTask,PartyA,Activity D,PartyA,2021-06-23 06:05:59,case_218,m1_144,receive,,m1,PartyC
task,PartyC,Activity BZ,PartyC,2021-06-23 06:06:02,case_218,,,,,
ReceiveTask,PartyA,Activity C,PartyA,2021-06-23 06:06:07,case_218,m2_145,receive,,m2,PartyC
task,PartyA,Activity B,PartyA,2021-06-23 06:06:10,case_218,,,,,
task,PartyC,Activity ZA,PartyC,2021-06-23 05:43:48,case_104,,,,,
task,PartyA,Activity A,PartyA,2021-06-23 05:43:54,case_104,,,,,
SendTask,PartyC,Activity CZ,PartyC,2021-06-23 05:43:58,case_104,m2_68,send,PartyA,m2,
ReceiveTask,PartyA,Activity C,PartyA,2021-06-23 05:44:01,case_104,m2_68,receive,,m2,PartyC
SendTask,PartyC,Activity DZ,PartyC,2021-06-23 05:44:06,case_104,m1_69,send,PartyA,m1,
ReceiveTask,PartyA,Activity D,PartyA,2021-06-23 05:44:09,case_104,m1_69,receive,,m1,PartyC
task,PartyC,Activity BZ,PartyC,2021-06-23 05:44:09,case_104,,,,,
task,PartyA,Activity B,PartyA,2021-06-23 05:44:10,case_104,,,,,
task,PartyA,Activity A,PartyA,2021-06-23 06:16:15,case_275,,,,,
task,PartyC,Activity ZA,PartyC,2021-06-23 06:16:18,case_275,,,,,
SendTask,PartyC,Activity DZ,PartyC,2021-06-23 06:16:18,case_275,m1_182,send,PartyA,m1,
ReceiveTask,PartyA,Activity D,PartyA,2021-06-23 06:16:20,case_275,m1_182,receive,,m1,PartyC
SendTask,PartyC,Activity CZ,PartyC,2021-06-23 06:16:20,case_275,m2_183,send,PartyA,m2,
ReceiveTask,PartyA,Activity C,PartyA,2021-06-23 06:16:30,case_275,m2_183,receive,,m2,PartyC
task,PartyC,Activity BZ,PartyC,2021-06-23 06:16:32,case_275,,,,,
task,PartyA,Activity B,PartyA,2021-06-23 06:16:34,case_275,,,,,
task,PartyC,Activity ZA,PartyC,2021-06-23 06:11:34,case_251,,,,,
task,PartyA,Activity A,PartyA,2021-06-23 06:11:40,case_251,,,,,
SendTask,PartyC,Activity DZ,PartyC,2021-06-23 06:11:44,case_251,m1_167,send,PartyA,m1,
SendTask,PartyC,Activity CZ,PartyC,2021-06-23 06:11:44,case_251,m2_166,send,PartyA,m2,
ReceiveTask,PartyA,Activity C,PartyA,2021-06-23 06:11:51,case_251,m2_166,receive,,m2,PartyC
task,PartyC,Activity BZ,PartyC,2021-06-23 06:11:52,case_251,,,,,
ReceiveTask,PartyA,Activity D,PartyA,2021-06-23 06:11:59,case_251,m1_167,receive,,m1,PartyC
task,PartyA,Activity B,PartyA,2021-06-23 06:11:59,case_251,,,,,
task,PartyA,Activity A,PartyA,2021-06-23 05:50:42,case_143,,,,,
task,PartyC,Activity ZA,PartyC,2021-06-23 05:50:47,case_143,,,,,
SendTask,PartyC,Activity CZ,PartyC,2021-06-23 05:50:50,case_143,m2_94,send,PartyA,m2,
SendTask,PartyC,Activity DZ,PartyC,2021-06-23 05:50:54,case_143,m1_95,send,PartyA,m1,
ReceiveTask,PartyA,Activity C,PartyA,2021-06-23 05:51:02,case_143,m2_94,receive,,m2,PartyC
ReceiveTask,PartyA,Activity D,PartyA,2021-06-23 05:51:13,case_143,m1_95,receive,,m1,PartyC
task,PartyA,Activity B,PartyA,2021-06-23 05:51:18,case_143,,,,,
task,PartyC,Activity BZ,PartyC,2021-06-23 05:51:19,case_143,,,,,
task,PartyA,Activity A,PartyA,2021-06-23 05:36:45,case_68,,,,,
task,PartyC,Activity ZA,PartyC,2021-06-23 05:36:51,case_68,,,,,
SendTask,PartyC,Activity DZ,PartyC,2021-06-23 05:36:54,case_68,m1_44,send,PartyA,m1,
ReceiveTask,PartyA,Activity D,PartyA,2021-06-23 05:37:00,case_68,m1_44,receive,,m1,PartyC
SendTask,PartyC,Activity CZ,PartyC,2021-06-23 05:37:00,case_68,m2_45,send,PartyA,m2,
ReceiveTask,PartyA,Activity C,PartyA,2021-06-23 05:37:09,case_68,m2_45,receive,,m2,PartyC
task,PartyC,Activity BZ,PartyC,2021-06-23 05:37:12,case_68,,,,,
task,PartyA,Activity B,PartyA,2021-06-23 05:37:17,case_68,,,,,
task,PartyA,Activity A,PartyA,2021-06-23 05:37:26,case_71,,,,,
task,PartyC,Activity ZA,PartyC,2021-06-23 05:37:27,case_71,,,,,
SendTask,PartyC,Activity CZ,PartyC,2021-06-23 05:37:35,case_71,m2_46,send,PartyA,m2,
ReceiveTask,PartyA,Activity C,PartyA,2021-06-23 05:37:38,case_71,m2_46,receive,,m2,PartyC
SendTask,PartyC,Activity DZ,PartyC,2021-06-23 05:37:41,case_71,m1_47,send,PartyA,m1,
ReceiveTask,PartyA,Activity D,PartyA,2021-06-23 05:37:43,case_71,m1_47,receive,,m1,PartyC
task,PartyC,Activity BZ,PartyC,2021-06-23 05:37:45,case_71,,,,,
task,PartyA,Activity B,PartyA,2021-06-23 05:37:51,case_71,,,,,
task,PartyC,Activity ZA,PartyC,2021-06-23 05:58:51,case_182,,,,,
SendTask,PartyC,Activity CZ,PartyC,2021-06-23 05:59:01,case_182,m2_121,send,PartyA,m2,
task,PartyA,Activity A,PartyA,2021-06-23 05:59:13,case_182,,,,,
SendTask,PartyC,Activity DZ,PartyC,2021-06-23 05:59:16,case_182,m1_120,send,PartyA,m1,
ReceiveTask,PartyA,Activity D,PartyA,2021-06-23 05:59:26,case_182,m1_120,receive,,m1,PartyC
task,PartyC,Activity BZ,PartyC,2021-06-23 05:59:26,case_182,,,,,
ReceiveTask,PartyA,Activity C,PartyA,2021-06-23 05:59:33,case_182,m2_121,receive,,m2,PartyC
task,PartyA,Activity B,PartyA,2021-06-23 05:59:35,case_182,,,,,
task,PartyC,Activity ZA,PartyC,2021-06-23 05:27:24,case_17,,,,,
task,PartyA,Activity A,PartyA,2021-06-23 05:27:27,case_17,,,,,
SendTask,PartyC,Activity DZ,PartyC,2021-06-23 05:27:31,case_17,m1_10,send,PartyA,m1,
SendTask,PartyC,Activity CZ,PartyC,2021-06-23 05:27:32,case_17,m2_11,send,PartyA,m2,
ReceiveTask,PartyA,Activity D,PartyA,2021-06-23 05:27:32,case_17,m1_10,receive,,m1,PartyC
ReceiveTask,PartyA,Activity C,PartyA,2021-06-23 05:27:38,case_17,m2_11,receive,,m2,PartyC
task,PartyC,Activity BZ,PartyC,2021-06-23 05:27:42,case_17,,,,,
task,PartyA,Activity B,PartyA,2021-06-23 05:27:43,case_17,,,,,
task,PartyC,Activity ZA,PartyC,2021-06-23 06:07:11,case_227,,,,,
SendTask,PartyC,Activity DZ,PartyC,2021-06-23 06:07:19,case_227,m1_151,send,PartyA,m1,
SendTask,PartyC,Activity CZ,PartyC,2021-06-23 06:07:26,case_227,m2_150,send,PartyA,m2,
task,PartyA,Activity A,PartyA,2021-06-23 06:07:30,case_227,,,,,
ReceiveTask,PartyA,Activity C,PartyA,2021-06-23 06:07:38,case_227,m2_150,receive,,m2,PartyC
ReceiveTask,PartyA,Activity D,PartyA,2021-06-23 06:07:42,case_227,m1_151,receive,,m1,PartyC
task,PartyC,Activity BZ,PartyC,2021-06-23 06:07:43,case_227,,,,,
task,PartyA,Activity B,PartyA,2021-06-23 06:07:45,case_227,,,,,
task,PartyC,Activity ZA,PartyC,2021-06-23 05:27:47,case_20,,,,,
task,PartyA,Activity A,PartyA,2021-06-23 05:27:52,case_20,,,,,
SendTask,PartyC,Activity CZ,PartyC,2021-06-23 05:27:53,case_20,m2_13,send,PartyA,m2,
SendTask,PartyC,Activity DZ,PartyC,2021-06-23 05:27:58,case_20,m1_12,send,PartyA,m1,
ReceiveTask,PartyA,Activity D,PartyA,2021-06-23 05:28:03,case_20,m1_12,receive,,m1,PartyC
ReceiveTask,PartyA,Activity C,PartyA,2021-06-23 05:28:07,case_20,m2_13,receive,,m2,PartyC
task,PartyA,Activity B,PartyA,2021-06-23 05:28:12,case_20,,,,,
task,PartyC,Activity BZ,PartyC,2021-06-23 05:28:20,case_20,,,,,
task,PartyA,Activity A,PartyA,2021-06-23 06:14:52,case_269,,,,,
task,PartyC,Activity ZA,PartyC,2021-06-23 06:14:59,case_269,,,,,
SendTask,PartyC,Activity CZ,PartyC,2021-06-23 06:15:01,case_269,m2_179,send,PartyA,m2,
SendTask,PartyC,Activity DZ,PartyC,2021-06-23 06:15:03,case_269,m1_178,send,PartyA,m1,
task,PartyC,Activity BZ,PartyC,2021-06-23 06:15:16,case_269,,,,,
ReceiveTask,PartyA,Activity D,PartyA,2021-06-23 06:15:23,case_269,m1_178,receive,,m1,PartyC
ReceiveTask,PartyA,Activity C,PartyA,2021-06-23 06:15:28,case_269,m2_179,receive,,m2,PartyC
task,PartyA,Activity B,PartyA,2021-06-23 06:15:29,case_269,,,,,
task,PartyA,Activity A,PartyA,2021-06-23 06:04:03,case_209,,,,,
task,PartyC,Activity ZA,PartyC,2021-06-23 06:04:06,case_209,,,,,
SendTask,PartyC,Activity CZ,PartyC,2021-06-23 06:04:09,case_209,m2_138,send,PartyA,m2,
ReceiveTask,PartyA,Activity C,PartyA,2021-06-23 06:04:11,case_209,m2_138,receive,,m2,PartyC
SendTask,PartyC,Activity DZ,PartyC,2021-06-23 06:04:14,case_209,m1_139,send,PartyA,m1,
ReceiveTask,PartyA,Activity D,PartyA,2021-06-23 06:04:20,case_209,m1_139,receive,,m1,PartyC
task,PartyA,Activity B,PartyA,2021-06-23 06:04:27,case_209,,,,,
task,PartyC,Activity BZ,PartyC,2021-06-23 06:04:30,case_209,,,,,
task,PartyA,Activity A,PartyA,2021-06-23 05:57:55,case_176,,,,,
task,PartyC,Activity ZA,PartyC,2021-06-23 05:57:59,case_176,,,,,
SendTask,PartyC,Activity DZ,PartyC,2021-06-23 05:58:00,case_176,m1_116,send,PartyA,m1,
SendTask,PartyC,Activity CZ,PartyC,2021-06-23 05:58:01,case_176,m2_117,send,PartyA,m2,
ReceiveTask,PartyA,Activity D,PartyA,2021-06-23 05:58:05,case_176,m1_116,receive,,m1,PartyC
ReceiveTask,PartyA,Activity C,PartyA,2021-06-23 05:58:06,case_176,m2_117,receive,,m2,PartyC
task,PartyA,Activity B,PartyA,2021-06-23 05:58:10,case_176,,,,,
task,PartyC,Activity BZ,PartyC,2021-06-23 05:58:14,case_176,,,,,
task,PartyA,Activity A,PartyA,2021-06-23 05:38:33,case_77,,,,,
task,PartyC,Activity ZA,PartyC,2021-06-23 05:38:37,case_77,,,,,
SendTask,PartyC,Activity CZ,PartyC,2021-06-23 05:38:44,case_77,m2_50,send,PartyA,m2,
ReceiveTask,PartyA,Activity C,PartyA,2021-06-23 05:38:49,case_77,m2_50,receive,,m2,PartyC
SendTask,PartyC,Activity DZ,PartyC,2021-06-23 05:38:49,case_77,m1_51,send,PartyA,m1,
ReceiveTask,PartyA,Activity D,PartyA,2021-06-23 05:38:49,case_77,m1_51,receive,,m1,PartyC
task,PartyA,Activity B,PartyA,2021-06-23 05:38:52,case_77,,,,,
task,PartyC,Activity BZ,PartyC,2021-06-23 05:38:54,case_77,,,,,
task,PartyA,Activity A,PartyA,2021-06-23 05:25:51,case_8,,,,,
task,PartyC,Activity ZA,PartyC,2021-06-23 05:25:51,case_8,,,,,
SendTask,PartyC,Activity CZ,PartyC,2021-06-23 05:25:52,case_8,m2_5,send,PartyA,m2,
SendTask,PartyC,Activity DZ,PartyC,2021-06-23 05:25:54,case_8,m1_4,send,PartyA,m1,
ReceiveTask,PartyA,Activity D,PartyA,2021-06-23 05:25:58,case_8,m1_4,receive,,m1,PartyC
ReceiveTask,PartyA,Activity C,PartyA,2021-06-23 05:25:58,case_8,m2_5,receive,,m2,PartyC
task,PartyC,Activity BZ,PartyC,2021-06-23 05:25:59,case_8,,,,,
task,PartyA,Activity B,PartyA,2021-06-23 05:26:01,case_8,,,,,
task,PartyA,Activity A,PartyA,2021-06-23 05:45:20,case_113,,,,,
task,PartyC,Activity ZA,PartyC,2021-06-23 05:45:24,case_113,,,,,
SendTask,PartyC,Activity CZ,PartyC,2021-06-23 05:45:27,case_113,m2_74,send,PartyA,m2,
ReceiveTask,PartyA,Activity C,PartyA,2021-06-23 05:45:31,case_113,m2_74,receive,,m2,PartyC
SendTask,PartyC,Activity DZ,PartyC,2021-06-23 05:45:35,case_113,m1_75,send,PartyA,m1,
task,PartyC,Activity BZ,PartyC,2021-06-23 05:45:38,case_113,,,,,
ReceiveTask,PartyA,Activity D,PartyA,2021-06-23 05:45:45,case_113,m1_75,receive,,m1,PartyC
task,PartyA,Activity B,PartyA,2021-06-23 05:45:45,case_113,,,,,
task,PartyC,Activity ZA,PartyC,2021-06-23 05:52:15,case_149,,,,,
task,PartyA,Activity A,PartyA,2021-06-23 05:52:23,case_149,,,,,
SendTask,PartyC,Activity CZ,PartyC,2021-06-23 05:52:25,case_149,m2_98,send,PartyA,m2,
ReceiveTask,PartyA,Activity C,PartyA,2021-06-23 05:52:29,case_149,m2_98,receive,,m2,PartyC
SendTask,PartyC,Activity DZ,PartyC,2021-06-23 05:52:30,case_149,m1_99,send,PartyA,m1,
ReceiveTask,PartyA,Activity D,PartyA,2021-06-23 05:52:35,case_149,m1_99,receive,,m1,PartyC
task,PartyC,Activity BZ,PartyC,2021-06-23 05:52:38,case_149,,,,,
task,PartyA,Activity B,PartyA,2021-06-23 05:52:40,case_149,,,,,
task,PartyC,Activity ZA,PartyC,2021-06-23 05:26:06,case_11,,,,,
SendTask,PartyC,Activity CZ,PartyC,2021-06-23 05:26:14,case_11,m2_6,send,PartyA,m2,
SendTask,PartyC,Activity DZ,PartyC,2021-06-23 05:26:20,case_11,m1_7,send,PartyA,m1,
task,PartyC,Activity BZ,PartyC,2021-06-23 05:26:29,case_11,,,,,
task,PartyA,Activity A,PartyA,2021-06-23 05:26:36,case_11,,,,,
ReceiveTask,PartyA,Activity C,PartyA,2021-06-23 05:26:38,case_11,m2_6,receive,,m2,PartyC
ReceiveTask,PartyA,Activity D,PartyA,2021-06-23 05:26:41,case_11,m1_7,receive,,m1,PartyC
task,PartyA,Activity B,PartyA,2021-06-23 05:26:46,case_11,,,,,
